{"cameraMode":{"drawMode":0,"name":"Shaded","section":"Shading Mode"},"sceneLighting":false,"audioPlay":false,"sceneViewState":{"showFog":true,"showMaterialUpdate":false,"showSkybox":false,"showFlares":true,"showImageEffects":true,"showParticleSystems":true},"in2DMode":false,"pivot":{"x":-5.960464477539063e-7,"y":0.2839104235172272,"z":-0.052879273891448978},"rotation":{"x":-0.19888323545455934,"y":0.1018231213092804,"z":-0.020724179223179818,"w":-0.9745444059371948},"size":0.6234648823738098,"orthographic":true}