{"cameraMode":{"drawMode":0,"name":"Shaded","section":"Shading Mode"},"sceneLighting":false,"audioPlay":false,"sceneViewState":{"showFog":true,"showMaterialUpdate":false,"showSkybox":false,"showFlares":true,"showImageEffects":true,"showParticleSystems":true},"in2DMode":false,"pivot":{"x":0.0,"y":2.06600022315979,"z":-1.1349999904632569},"rotation":{"x":-0.4217102825641632,"y":0.003277322743088007,"z":-0.0014790685381740332,"w":-0.9067827463150024},"size":5.39324951171875,"orthographic":true}