{"cameraMode":{"drawMode":0,"name":"Shaded","section":"Shading Mode"},"sceneLighting":false,"audioPlay":false,"sceneViewState":{"showFog":true,"showMaterialUpdate":false,"showSkybox":false,"showFlares":true,"showImageEffects":true,"showParticleSystems":true},"in2DMode":false,"pivot":{"x":-0.2327101230621338,"y":0.5416802167892456,"z":-10.344090461730957},"rotation":{"x":-0.24942608177661897,"y":0.0412481352686882,"z":-0.010578925721347332,"w":-0.9675003290176392},"size":0.8641296029090881,"orthographic":true}