{"cameraMode":{"drawMode":0,"name":"Shaded","section":"Shading Mode"},"sceneLighting":true,"audioPlay":false,"sceneViewState":{"showFog":true,"showMaterialUpdate":false,"showSkybox":true,"showFlares":true,"showImageEffects":true,"showParticleSystems":true},"in2DMode":false,"pivot":{"x":0.19273149967193604,"y":0.7622369527816773,"z":-0.3743460178375244},"rotation":{"x":-0.30726316571235659,"y":0.007729413453489542,"z":-0.0024088965728878977,"w":-0.9516444802284241},"size":9.371678352355957,"orthographic":true}